UTC,City
UTC-11:00,Alofi
UTC-11:00,Pago Pago
UTC-11:00,Tafuna
UTC-11:00,Tau
UTC-11:00,Taulaga
UTC-10:00,Honolulu
UTC-10:00,East Honolulu
UTC-10:00,Pearl City
UTC-10:00,Hilo
UTC-10:00,Kailua
UTC-10:00,Avarua
UTC-10:00,Faaa
UTC-10:00,Papeete
UTC-10:00,Punaauia
UTC-10:00,Pirae
UTC-10:00,Mahina
UTC-9:30,Taiohae
UTC-9:00,Anchorage
UTC-9:00,Fairbanks
UTC-9:00,Eagle River
UTC-9:00,Badger
UTC-9:00,Knik-Fairview
UTC-9:00,Juneau
UTC-9:00,Sitka
UTC-9:00,Ketchikan
UTC-8:00,Los Angeles
UTC-8:00,San Diego
UTC-8:00,San Jose
UTC-8:00,San Francisco
UTC-8:00,Seattle
UTC-8:00,Tijuana
UTC-8:00,Mexicali
UTC-8:00,Ensenada
UTC-8:00,Rosarito
UTC-8:00,Tecate
UTC-8:00,Vancouver
UTC-8:00,Surrey
UTC-8:00,Okanagan
UTC-8:00,Victoria
UTC-8:00,Burnaby
UTC-8:00,Adamstown
UTC-7:00,Boise
UTC-7:00,Meridian
UTC-7:00,Nampa
UTC-7:00,Idaho Falls
UTC-7:00,Pocatello
UTC-7:00,Ciudad Juarez
UTC-7:00,Ascension
UTC-7:00,Ascencion
UTC-7:00,Puerto Palomas
UTC-7:00,Creston
UTC-7:00,Fort St.John
UTC-7:00,Dawson Creek
UTC-7:00,Denver
UTC-7:00,El Paso
UTC-7:00,Albuquerque
UTC-7:00,Colorado Springs
UTC-7:00,Aurora
UTC-7:00,Calgary
UTC-7:00,Edmonton
UTC-7:00,Shaughnessy
UTC-7:00,Red Deer
UTC-7:00,Sherwood Park
UTC-7:00,Hermosillo
UTC-7:00,Ciudad Obregon
UTC-7:00,Nogales
UTC-7:00,San Luis Rio Colorado
UTC-7:00,Navojoa
UTC-7:00,Culiacan
UTC-7:00,Mazatlan
UTC-7:00,Tepic
UTC-7:00,Los Mochis
UTC-7:00,La Paz
UTC-7:00,Phoenix
UTC-7:00,Tucson
UTC-7:00,Mesa
UTC-7:00,Chandler
UTC-7:00,Gilbert
UTC-7:00,Whitehorse
UTC-7:00,Yellowknife
UTC-6:00,Mezcales
UTC-6:00,San Vicente
UTC-6:00,Bucerias
UTC-6:00,Valle de Banderas
UTC-6:00,Belize City
UTC-6:00,San Ignacio
UTC-6:00,San Pedro
UTC-6:00,Orange Walk
UTC-6:00,Corozal
UTC-6:00,Chicago
UTC-6:00,Houston
UTC-6:00,San Antonio
UTC-6:00,Dallas
UTC-6:00,Austin
UTC-6:00,Chihuahua
UTC-6:00,Ciudad Delicias
UTC-6:00,Cuauhtemoc
UTC-6:00,Parral
UTC-6:00,Nuevo Casas Grandes
UTC-6:00,San Jose
UTC-6:00,Limon
UTC-6:00,San Francisco
UTC-6:00,Alajuela
UTC-6:00,Liberia
UTC-6:00,San Salvador
UTC-6:00,Soyapango
UTC-6:00,San Miguel
UTC-6:00,Santa Ana
UTC-6:00,Mejicanos
UTC-6:00,Guatemala City
UTC-6:00,Villa Nueva
UTC-6:00,Mixco
UTC-6:00,Coban
UTC-6:00,Quetzaltenango
UTC-6:00,Tell City
UTC-6:00,Managua
UTC-6:00,Leon
UTC-6:00,Masaya
UTC-6:00,Chinandega
UTC-6:00,Matagalpa
UTC-6:00,Reynosa
UTC-6:00,Heroica Matamoros
UTC-6:00,Nuevo Laredo
UTC-6:00,Piedras Negras
UTC-6:00,Ciudad Acu a
UTC-6:00,Menominee
UTC-6:00,Iron Mountain
UTC-6:00,Kingsford
UTC-6:00,Ironwood
UTC-6:00,Merida
UTC-6:00,Campeche
UTC-6:00,Ciudad del Carmen
UTC-6:00,Kanasin
UTC-6:00,Valladolid
UTC-6:00,Mexico City
UTC-6:00,Iztapalapa
UTC-6:00,Leon de los Aldama
UTC-6:00,Puebla
UTC-6:00,Ecatepec de Morelos
UTC-6:00,Monterrey
UTC-6:00,Torreon
UTC-6:00,Saltillo
UTC-6:00,Guadalupe
UTC-6:00,Victoria de Durango
UTC-6:00,Mandan
UTC-6:00,Manuel Ojinaga
UTC-6:00,Ojinaga
UTC-6:00,Saskatoon
UTC-6:00,Regina
UTC-6:00,Prince Albert
UTC-6:00,Moose Jaw
UTC-6:00,North Battleford
UTC-6:00,Swift Current
UTC-6:00,Tegucigalpa
UTC-6:00,San Pedro Sula
UTC-6:00,La Ceiba
UTC-6:00,Choloma
UTC-6:00,El Progreso
UTC-6:00,Winnipeg
UTC-6:00,Brandon
UTC-6:00,Steinbach
UTC-6:00,Kenora
UTC-6:00,Thompson
UTC-6:00,Hanga Roa
UTC-6:00,Puerto Ayora
UTC-6:00,Puerto Baquerizo Moreno
UTC-5:00,Bogota
UTC-5:00,Cali
UTC-5:00,Medellin
UTC-5:00,Barranquilla
UTC-5:00,Cartagena
UTC-5:00,Cancun
UTC-5:00,Chetumal
UTC-5:00,Playa del Carmen
UTC-5:00,Cozumel
UTC-5:00,Felipe Carrillo Puerto
UTC-5:00,George Town
UTC-5:00,West Bay
UTC-5:00,Bodden Town
UTC-5:00,North Side
UTC-5:00,East End
UTC-5:00,Detroit
UTC-5:00,Grand Rapids
UTC-5:00,Warren
UTC-5:00,Sterling Heights
UTC-5:00,Ann Arbor
UTC-5:00,Eirunepe
UTC-5:00,Benjamin Constant
UTC-5:00,Envira
UTC-5:00,Cockburn Town
UTC-5:00,Quito
UTC-5:00,Guayaquil
UTC-5:00,Cuenca
UTC-5:00,Santo Domingo de los Colorados
UTC-5:00,Ambato
UTC-5:00,Havana
UTC-5:00,Santiago de Cuba
UTC-5:00,Camaguey
UTC-5:00,Holguin
UTC-5:00,Guantanamo
UTC-5:00,Indianapolis
UTC-5:00,Fort Wayne
UTC-5:00,South Bend
UTC-5:00,Carmel
UTC-5:00,Bloomington
UTC-5:00,Jasper
UTC-5:00,Washington
UTC-5:00,Huntingburg
UTC-5:00,Iqaluit
UTC-5:00,Kingston
UTC-5:00,New Kingston
UTC-5:00,Spanish Town
UTC-5:00,Portmore
UTC-5:00,Montego Bay
UTC-5:00,Louisville
UTC-5:00,Jeffersonville
UTC-5:00,New Albany
UTC-5:00,Jeffersontown
UTC-5:00,Pleasure Ridge Park
UTC-5:00,Monticello
UTC-5:00,Lima
UTC-5:00,Callao
UTC-5:00,Arequipa
UTC-5:00,Trujillo
UTC-5:00,Chiclayo
UTC-5:00,Nassau
UTC-5:00,Lucaya
UTC-5:00,Freeport
UTC-5:00,West End
UTC-5:00,Cooper's Town
UTC-5:00,New York City
UTC-5:00,Brooklyn
UTC-5:00,Queens
UTC-5:00,Philadelphia
UTC-5:00,Manhattan
UTC-5:00,Panama
UTC-5:00,San Miguelito
UTC-5:00,Juan Diaz
UTC-5:00,David
UTC-5:00,Arraijan
UTC-5:00,Port-au-Prince
UTC-5:00,Carrefour
UTC-5:00,Delmas 73
UTC-5:00,Port-de-Paix
UTC-5:00,Petionville
UTC-5:00,Rio Branco
UTC-5:00,Cruzeiro do Sul
UTC-5:00,Senador Guiomard
UTC-5:00,Sena Madureira
UTC-5:00,Tarauaca
UTC-5:00,Toronto
UTC-5:00,Montreal
UTC-5:00,Ottawa
UTC-5:00,Mississauga
UTC-5:00,Brampton
UTC-4:00,The Valley
UTC-4:00,Blowing Point Village
UTC-4:00,Sandy Ground Village
UTC-4:00,The Quarter
UTC-4:00,Sandy Hill
UTC-4:00,Saint John's
UTC-4:00,Piggotts
UTC-4:00,Bolands
UTC-4:00,Codrington
UTC-4:00,Parham
UTC-4:00,Oranjestad
UTC-4:00,Tanki Leendert
UTC-4:00,San Nicolas
UTC-4:00,Santa Cruz
UTC-4:00,Paradera
UTC-4:00,Asuncion
UTC-4:00,Ciudad del Este
UTC-4:00,San Lorenzo
UTC-4:00,Capiata
UTC-4:00,Lambare
UTC-4:00,Bridgetown
UTC-4:00,Speightstown
UTC-4:00,Oistins
UTC-4:00,Bathsheba
UTC-4:00,Holetown
UTC-4:00,Boa Vista
UTC-4:00,Campo Grande
UTC-4:00,Dourados
UTC-4:00,Corumba
UTC-4:00,Tres Lagoas
UTC-4:00,Ponta Por
UTC-4:00,Caracas
UTC-4:00,Maracaibo
UTC-4:00,Maracay
UTC-4:00,Valencia
UTC-4:00,Barquisimeto
UTC-4:00,Cuiaba
UTC-4:00,Varzea Grande
UTC-4:00,Rondonopolis
UTC-4:00,Sinop
UTC-4:00,Barra do Gar as
UTC-4:00,Willemstad
UTC-4:00,Sint Michiel Liber
UTC-4:00,Roseau
UTC-4:00,Portsmouth
UTC-4:00,Berekua
UTC-4:00,Saint Joseph
UTC-4:00,Wesley
UTC-4:00,Sydney
UTC-4:00,Glace Bay
UTC-4:00,Sydney Mines
UTC-4:00,Happy Valley-Goose Bay
UTC-4:00,Labrador City
UTC-4:00,Saint George's
UTC-4:00,Gouyave
UTC-4:00,Grenville
UTC-4:00,Victoria
UTC-4:00,Saint David's
UTC-4:00,Les Abymes
UTC-4:00,Baie-Mahault
UTC-4:00,Le Gosier
UTC-4:00,Petit-Bourg
UTC-4:00,Sainte-Anne
UTC-4:00,Georgetown
UTC-4:00,Linden
UTC-4:00,New Amsterdam
UTC-4:00,Anna Regina
UTC-4:00,Bartica
UTC-4:00,Halifax
UTC-4:00,Dartmouth
UTC-4:00,Charlottetown
UTC-4:00,Lower Sackville
UTC-4:00,Cole Harbour
UTC-4:00,Kralendijk
UTC-4:00,Oranjestad
UTC-4:00,The Bottom
UTC-4:00,La Paz
UTC-4:00,Santa Cruz de la Sierra
UTC-4:00,Cochabamba
UTC-4:00,Sucre
UTC-4:00,Oruro
UTC-4:00,Cul de Sac
UTC-4:00,Lower Prince's Quarter
UTC-4:00,Koolbaai
UTC-4:00,Philipsburg
UTC-4:00,Manaus
UTC-4:00,Itacoatiara
UTC-4:00,Parintins
UTC-4:00,Manacapuru
UTC-4:00,Coari
UTC-4:00,Marigot
UTC-4:00,Fort-de-France
UTC-4:00,Le Lamentin
UTC-4:00,Le Robert
UTC-4:00,Sainte-Marie
UTC-4:00,Le Fran ois
UTC-4:00,Moncton
UTC-4:00,Saint John
UTC-4:00,Fredericton
UTC-4:00,Dieppe
UTC-4:00,Miramichi
UTC-4:00,Brades
UTC-4:00,Saint Peters
UTC-4:00,Plymouth
UTC-4:00,Porto Velho
UTC-4:00,Ji Parana
UTC-4:00,Vilhena
UTC-4:00,Ariquemes
UTC-4:00,Cacoal
UTC-4:00,Chaguanas
UTC-4:00,Mon Repos
UTC-4:00,San Fernando
UTC-4:00,Port of Spain
UTC-4:00,Rio Claro
UTC-4:00,San Juan
UTC-4:00,Bayamon
UTC-4:00,Carolina
UTC-4:00,Ponce
UTC-4:00,Arecibo
UTC-4:00,Santiago
UTC-4:00,Puente Alto
UTC-4:00,Antofagasta
UTC-4:00,Vi a del Mar
UTC-4:00,Valparaiso
UTC-4:00,Santo Domingo
UTC-4:00,Santiago de los Caballeros
UTC-4:00,Santo Domingo Oeste
UTC-4:00,Santo Domingo Este
UTC-4:00,San Pedro de Macoris
UTC-4:00,Gustavia
UTC-4:00,Basseterre
UTC-4:00,Fig Tree
UTC-4:00,Market Shop
UTC-4:00,Saint Paul's
UTC-4:00,Middle Island
UTC-4:00,Castries
UTC-4:00,Bisee
UTC-4:00,Vieux Fort
UTC-4:00,Micoud
UTC-4:00,Soufriere
UTC-4:00,Saint Croix
UTC-4:00,Charlotte Amalie
UTC-4:00,Cruz Bay
UTC-4:00,Kingstown
UTC-4:00,Georgetown
UTC-4:00,Barrouallie
UTC-4:00,Port Elizabeth
UTC-4:00,Chateaubelair
UTC-4:00,Road Town
UTC-4:00,Hamilton
UTC-3:30,St.John's
UTC-3:30,Mount Pearl
UTC-3:30,Corner Brook
UTC-3:30,Conception Bay South
UTC-3:30,Grand Falls-Windsor
UTC-3:00,Palmas
UTC-3:00,Araguaina
UTC-3:00,Gurupi
UTC-3:00,Miracema do Tocantins
UTC-3:00,Taguatinga
UTC-3:00,Buenos Aires
UTC-3:00,Mar del Plata
UTC-3:00,Bahia Blanca
UTC-3:00,Merlo
UTC-3:00,Quilmes
UTC-3:00,Catamarca
UTC-3:00,Comodoro Rivadavia
UTC-3:00,Trelew
UTC-3:00,Puerto Madryn
UTC-3:00,Esquel
UTC-3:00,Cordoba
UTC-3:00,Rosario
UTC-3:00,Santa Fe
UTC-3:00,Corrientes
UTC-3:00,Posadas
UTC-3:00,San Salvador de Jujuy
UTC-3:00,San Pedro de Jujuy
UTC-3:00,Libertador General San Martin
UTC-3:00,Palpala
UTC-3:00,La Quiaca
UTC-3:00,La Rioja
UTC-3:00,Chilecito
UTC-3:00,Arauco
UTC-3:00,Chamical
UTC-3:00,San Rafael
UTC-3:00,Mendoza
UTC-3:00,San Martin
UTC-3:00,Rio Gallegos
UTC-3:00,Caleta Olivia
UTC-3:00,Pico Truncado
UTC-3:00,Puerto Deseado
UTC-3:00,Las Heras
UTC-3:00,Salta
UTC-3:00,Neuquen
UTC-3:00,Santa Rosa
UTC-3:00,San Carlos de Bariloche
UTC-3:00,Cipolletti
UTC-3:00,San Juan
UTC-3:00,Chimbas
UTC-3:00,Santa Lucia
UTC-3:00,Pocito
UTC-3:00,Caucete
UTC-3:00,San Luis
UTC-3:00,Villa Mercedes
UTC-3:00,La Punta
UTC-3:00,Merlo
UTC-3:00,Justo Daract
UTC-3:00,San Miguel de Tucuman
UTC-3:00,Yerba Buena
UTC-3:00,Tafi Viejo
UTC-3:00,Alderetes
UTC-3:00,Aguilares
UTC-3:00,Ushuaia
UTC-3:00,Rio Grande
UTC-3:00,Salvador
UTC-3:00,Feira de Santana
UTC-3:00,Vitoria da Conquista
UTC-3:00,Itabuna
UTC-3:00,Cama ari
UTC-3:00,Belem
UTC-3:00,Macapa
UTC-3:00,Ananindeua
UTC-3:00,Parauapebas
UTC-3:00,Maraba
UTC-3:00,Cayenne
UTC-3:00,Matoury
UTC-3:00,Saint-Laurent-du-Maroni
UTC-3:00,Kourou
UTC-3:00,Remire-Montjoly
UTC-3:00,Fortaleza
UTC-3:00,S o Luis
UTC-3:00,Natal
UTC-3:00,Teresina
UTC-3:00,Jo o Pessoa
UTC-3:00,Maceio
UTC-3:00,Aracaju
UTC-3:00,Arapiraca
UTC-3:00,Nossa Senhora do Socorro
UTC-3:00,S o Cristov o
UTC-3:00,Saint-Pierre
UTC-3:00,Miquelon
UTC-3:00,Montevideo
UTC-3:00,Salto
UTC-3:00,Paysandu
UTC-3:00,Las Piedras
UTC-3:00,Rivera
UTC-3:00,Paramaribo
UTC-3:00,Lelydorp
UTC-3:00,Brokopondo
UTC-3:00,Nieuw Nickerie
UTC-3:00,Meerzorg
UTC-3:00,Punta Arenas
UTC-3:00,Puerto Natales
UTC-3:00,Recife
UTC-3:00,Jaboat o
UTC-3:00,Jaboat o dos Guararapes
UTC-3:00,Olinda
UTC-3:00,Paulista
UTC-3:00,Santarem
UTC-3:00,Altamira
UTC-3:00,Itaituba
UTC-3:00,bidos
UTC-3:00,Oriximina
UTC-3:00,S o Paulo
UTC-3:00,Rio de Janeiro
UTC-3:00,Belo Horizonte
UTC-3:00,Brasilia
UTC-3:00,Curitiba
UTC-3:00,Stanley
UTC-2:00,Nuuk
UTC-2:00,Sisimiut
UTC-2:00,Ilulissat
UTC-2:00,Qaqortoq
UTC-2:00,Aasiaat
UTC-2:00,Grytviken
UTC-1:00,Ponta Delgada
UTC-1:00,Lagoa
UTC-1:00,Angra do Heroismo
UTC-1:00,Rosto de C o
UTC-1:00,Rabo de Peixe
UTC-1:00,Praia
UTC-1:00,Mindelo
UTC-1:00,Espargos
UTC-1:00,Assomada
UTC-1:00,Tarrafal
UTC+0:00,Abidjan
UTC+0:00,Abobo
UTC+0:00,Bouake
UTC+0:00,Korhogo
UTC+0:00,Daloa
UTC+0:00,Kumasi
UTC+0:00,Accra
UTC+0:00,Tamale
UTC+0:00,Takoradi
UTC+0:00,Sekondi
UTC+0:00,Bamako
UTC+0:00,Segou
UTC+0:00,Sikasso
UTC+0:00,Mopti
UTC+0:00,Koutiala
UTC+0:00,Serekunda
UTC+0:00,Brikama
UTC+0:00,Bununka Kunda
UTC+0:00,Sukuta
UTC+0:00,Talinding
UTC+0:00,Bissau
UTC+0:00,Gabu
UTC+0:00,Bafata
UTC+0:00,Canchungo
UTC+0:00,Bissor
UTC+0:00,Casablanca
UTC+0:00,Rabat
UTC+0:00,Fes
UTC+0:00,Sale
UTC+0:00,Marrakesh
UTC+0:00,Conakry
UTC+0:00,Camayenne
UTC+0:00,Nzerekore
UTC+0:00,Kankan
UTC+0:00,Maneah
UTC+0:00,Dakar
UTC+0:00,Pikine
UTC+0:00,Touba
UTC+0:00,Thies
UTC+0:00,Thies Nones
UTC+0:00,Laayoune
UTC+0:00,Dakhla
UTC+0:00,Boujdour
UTC+0:00,Laayoune Plage
UTC+0:00,Freetown
UTC+0:00,Bo
UTC+0:00,Kenema
UTC+0:00,Koidu
UTC+0:00,Makeni
UTC+0:00,Lome
UTC+0:00,Sokode
UTC+0:00,Kara
UTC+0:00,Atakpame
UTC+0:00,Kpalime
UTC+0:00,Monrovia
UTC+0:00,Gbarnga
UTC+0:00,Buchanan
UTC+0:00,Kakata
UTC+0:00,Zwedru
UTC+0:00,Nouakchott
UTC+0:00,Nouadhibou
UTC+0:00,Dar Naim
UTC+0:00,Nema
UTC+0:00,Kaedi
UTC+0:00,Ouagadougou
UTC+0:00,Bobo-Dioulasso
UTC+0:00,Koudougou
UTC+0:00,Saaba
UTC+0:00,Ouahigouya
UTC+0:00,S o Tome
UTC+0:00,Santo Antonio
UTC+0:00,Las Palmas de Gran Canaria
UTC+0:00,Santa Cruz de Tenerife
UTC+0:00,La Laguna
UTC+0:00,Telde
UTC+0:00,Arona
UTC+0:00,Torshavn
UTC+0:00,Klaksvik
UTC+0:00,Fuglafj r ur
UTC+0:00,Mi vagur
UTC+0:00,Tv royri
UTC+0:00,Funchal
UTC+0:00,C mara de Lobos
UTC+0:00,S o Martinho
UTC+0:00,Cani o
UTC+0:00,Machico
UTC+0:00,Reykjavik
UTC+0:00,Kopavogur
UTC+0:00,Hafnarfj r ur
UTC+0:00,Reykjanesb r
UTC+0:00,Akureyri
UTC+0:00,Jamestown
UTC+0:00,Georgetown
UTC+0:00,Edinburgh of the Seven Seas
UTC+0:00,Dublin
UTC+0:00,South Dublin
UTC+0:00,Cork
UTC+0:00,Limerick
UTC+0:00,Galway
UTC+0:00,Saint Peter Port
UTC+0:00,Saint Sampson
UTC+0:00,St Martin
UTC+0:00,St Anne
UTC+0:00,Saint Saviour
UTC+0:00,Douglas
UTC+0:00,Ramsey
UTC+0:00,Peel
UTC+0:00,Port Erin
UTC+0:00,Castletown
UTC+0:00,Saint Helier
UTC+0:00,Le Hocq
UTC+0:00,Lisbon
UTC+0:00,Porto
UTC+0:00,Amadora
UTC+0:00,Braga
UTC+0:00,Setubal
UTC+0:00,London
UTC+0:00,Birmingham
UTC+0:00,Liverpool
UTC+0:00,Glasgow
UTC+0:00,Sheffield
UTC+1:00,Algiers
UTC+1:00,Oran
UTC+1:00,Constantine
UTC+1:00,Annaba
UTC+1:00,Blida
UTC+1:00,Bangui
UTC+1:00,Bimbo
UTC+1:00,Begoua
UTC+1:00,Carnot
UTC+1:00,Berberati
UTC+1:00,Brazzaville
UTC+1:00,Pointe-Noire
UTC+1:00,Dolisie
UTC+1:00,Nkayi
UTC+1:00,Kayes
UTC+1:00,Melilla
UTC+1:00,Douala
UTC+1:00,Yaounde
UTC+1:00,Bamenda
UTC+1:00,Bafoussam
UTC+1:00,Maroua
UTC+1:00,Kinshasa
UTC+1:00,Kikwit
UTC+1:00,Masina
UTC+1:00,Mbandaka
UTC+1:00,Matadi
UTC+1:00,Lagos
UTC+1:00,Kano
UTC+1:00,Ibadan
UTC+1:00,Port Harcourt
UTC+1:00,Benin City
UTC+1:00,Libreville
UTC+1:00,Port-Gentil
UTC+1:00,Franceville
UTC+1:00,Owendo
UTC+1:00,Oyem
UTC+1:00,Luanda
UTC+1:00,Lubango
UTC+1:00,Huambo
UTC+1:00,Benguela
UTC+1:00,Cabinda
UTC+1:00,Bata
UTC+1:00,Malabo
UTC+1:00,Ebebiyin
UTC+1:00,Aconibe
UTC+1:00,A isoc
UTC+1:00,N'Djamena
UTC+1:00,Moundou
UTC+1:00,Abeche
UTC+1:00,Sarh
UTC+1:00,Kelo
UTC+1:00,Niamey
UTC+1:00,Zinder
UTC+1:00,Maradi
UTC+1:00,Agadez
UTC+1:00,Alaghsas
UTC+1:00,Cotonou
UTC+1:00,Abomey-Calavi
UTC+1:00,Porto-Novo
UTC+1:00,Parakou
UTC+1:00,Godome
UTC+1:00,Tunis
UTC+1:00,Sfax
UTC+1:00,Sousse
UTC+1:00,Kairouan
UTC+1:00,Bizerte
UTC+1:00,Windhoek
UTC+1:00,Rundu
UTC+1:00,Walvis Bay
UTC+1:00,Oshakati
UTC+1:00,Swakopmund
UTC+1:00,Longyearbyen
UTC+1:00,Olonkinbyen
UTC+1:00,Amsterdam
UTC+1:00,Rotterdam
UTC+1:00,The Hague
UTC+1:00,Utrecht
UTC+1:00,Groningen
UTC+1:00,Andorra la Vella
UTC+1:00,les Escaldes
UTC+1:00,Encamp
UTC+1:00,Sant Julia de Loria
UTC+1:00,la Massana
UTC+1:00,Belgrade
UTC+1:00,Pristina
UTC+1:00,Ni
UTC+1:00,Novi Sad
UTC+1:00,Prizren
UTC+1:00,Berlin
UTC+1:00,Hamburg
UTC+1:00,Munich
UTC+1:00,K ln
UTC+1:00,Frankfurt am Main
UTC+1:00,Bratislava
UTC+1:00,Ko ice
UTC+1:00,Nitra
UTC+1:00,Pre ov
UTC+1:00,ilina
UTC+1:00,Brussels
UTC+1:00,Antwerpen
UTC+1:00,Gent
UTC+1:00,Charleroi
UTC+1:00,Liege
UTC+1:00,Budapest
UTC+1:00,Debrecen
UTC+1:00,Szeged
UTC+1:00,Miskolc
UTC+1:00,Pecs
UTC+1:00,Copenhagen
UTC+1:00,rhus
UTC+1:00,Odense
UTC+1:00,Aalborg
UTC+1:00,Frederiksberg
UTC+1:00,Gibraltar
UTC+1:00,Ljubljana
UTC+1:00,Maribor
UTC+1:00,Kranj
UTC+1:00,Celje
UTC+1:00,Koper
UTC+1:00,Luxembourg
UTC+1:00,Esch-sur-Alzette
UTC+1:00,Dudelange
UTC+1:00,Schifflange
UTC+1:00,Bettembourg
UTC+1:00,Madrid
UTC+1:00,Barcelona
UTC+1:00,Valencia
UTC+1:00,Sevilla
UTC+1:00,Zaragoza
UTC+1:00,San Pawl il-Ba ar
UTC+1:00,Birkirkara
UTC+1:00,Mosta
UTC+1:00,Sliema
UTC+1:00,Qormi
UTC+1:00,Monaco
UTC+1:00,Monte-Carlo
UTC+1:00,La Condamine
UTC+1:00,Oslo
UTC+1:00,Bergen
UTC+1:00,Trondheim
UTC+1:00,Stavanger
UTC+1:00,Drammen
UTC+1:00,Paris
UTC+1:00,Marseille
UTC+1:00,Lyon
UTC+1:00,Toulouse
UTC+1:00,Nice
UTC+1:00,Podgorica
UTC+1:00,Nik i
UTC+1:00,Herceg Novi
UTC+1:00,Pljevlja
UTC+1:00,Budva
UTC+1:00,Prague
UTC+1:00,Brno
UTC+1:00,Ostrava
UTC+1:00,Pilsen
UTC+1:00,Liberec
UTC+1:00,Rome
UTC+1:00,Milan
UTC+1:00,Naples
UTC+1:00,Turin
UTC+1:00,Palermo
UTC+1:00,Serravalle
UTC+1:00,Borgo Maggiore
UTC+1:00,San Marino
UTC+1:00,Domagnano
UTC+1:00,Fiorentino
UTC+1:00,Sarajevo
UTC+1:00,Banja Luka
UTC+1:00,Zenica
UTC+1:00,Tuzla
UTC+1:00,Mostar
UTC+1:00,Skopje
UTC+1:00,Kumanovo
UTC+1:00,Prilep
UTC+1:00,Bitola
UTC+1:00,air
UTC+1:00,Stockholm
UTC+1:00,G teborg
UTC+1:00,Malm
UTC+1:00,Uppsala
UTC+1:00,Link ping
UTC+1:00,Tirana
UTC+1:00,Durr s
UTC+1:00,Elbasan
UTC+1:00,Vlor
UTC+1:00,Shkod r
UTC+1:00,Schaan
UTC+1:00,Vaduz
UTC+1:00,Triesen
UTC+1:00,Balzers
UTC+1:00,Eschen
UTC+1:00,Vatican City
UTC+1:00,Vienna
UTC+1:00,Graz
UTC+1:00,Linz
UTC+1:00,Favoriten
UTC+1:00,Donaustadt
UTC+1:00,Warsaw
UTC+1:00,od
UTC+1:00,Krakow
UTC+1:00,Wroc aw
UTC+1:00,Poznan
UTC+1:00,Zagreb
UTC+1:00,Split
UTC+1:00,Rijeka
UTC+1:00,Osijek
UTC+1:00,Zadar
UTC+1:00,Zurich
UTC+1:00,Geneve
UTC+1:00,Basel
UTC+1:00,Lausanne
UTC+1:00,Bern
UTC+2:00,Lilongwe
UTC+2:00,Blantyre
UTC+2:00,Mzuzu
UTC+2:00,Zomba
UTC+2:00,Kasungu
UTC+2:00,Bujumbura
UTC+2:00,Gitega
UTC+2:00,Ngozi
UTC+2:00,Rumonge
UTC+2:00,Cibitoke
UTC+2:00,Cairo
UTC+2:00,Alexandria
UTC+2:00,Giza
UTC+2:00,Shubra al Khaymah
UTC+2:00,Port Said
UTC+2:00,Gaborone
UTC+2:00,Francistown
UTC+2:00,Mogoditshane
UTC+2:00,Maun
UTC+2:00,Molepolole
UTC+2:00,Harare
UTC+2:00,Bulawayo
UTC+2:00,Chitungwiza
UTC+2:00,Mutare
UTC+2:00,Gweru
UTC+2:00,Johannesburg
UTC+2:00,Cape Town
UTC+2:00,Durban
UTC+2:00,Soweto
UTC+2:00,Pretoria
UTC+2:00,Juba
UTC+2:00,Winejok
UTC+2:00,Yei
UTC+2:00,Malakal
UTC+2:00,Wau
UTC+2:00,Khartoum
UTC+2:00,Omdurman
UTC+2:00,Nyala
UTC+2:00,Port Sudan
UTC+2:00,Kassala
UTC+2:00,Kigali
UTC+2:00,Gisenyi
UTC+2:00,Butare
UTC+2:00,Gitarama
UTC+2:00,Musanze
UTC+2:00,Lubumbashi
UTC+2:00,Mbuji-Mayi
UTC+2:00,Kananga
UTC+2:00,Kisangani
UTC+2:00,Bukavu
UTC+2:00,Lusaka
UTC+2:00,Ndola
UTC+2:00,Kitwe
UTC+2:00,Chipata
UTC+2:00,Kabwe
UTC+2:00,Maputo
UTC+2:00,Matola
UTC+2:00,Nampula
UTC+2:00,Beira
UTC+2:00,Chimoio
UTC+2:00,Maseru
UTC+2:00,Maputsoe
UTC+2:00,Mohale's Hoek
UTC+2:00,Mafeteng
UTC+2:00,Hlotse
UTC+2:00,Manzini
UTC+2:00,Mbabane
UTC+2:00,Big Bend
UTC+2:00,Malkerns
UTC+2:00,Nhlangano
UTC+2:00,Tripoli
UTC+2:00,Benghazi
UTC+2:00,Misratah
UTC+2:00,Zliten
UTC+2:00,Al Khums
UTC+2:00,Beirut
UTC+2:00,Ra's Bayrut
UTC+2:00,Tripoli
UTC+2:00,Sidon
UTC+2:00,Tyre
UTC+2:00,Famagusta
UTC+2:00,Kyrenia
UTC+2:00,gkomi
UTC+2:00,Protaras
UTC+2:00,Paralimni
UTC+2:00,Gaza
UTC+2:00,Khan Yunis
UTC+2:00,Jabalya
UTC+2:00,Rafa
UTC+2:00,Dayr al Bala
UTC+2:00,East Jerusalem
UTC+2:00,Hebron
UTC+2:00,Nablus
UTC+2:00,ulkarm
UTC+2:00,Qalqilyah
UTC+2:00,Jerusalem
UTC+2:00,Tel Aviv
UTC+2:00,West Jerusalem
UTC+2:00,Haifa
UTC+2:00,Rishon LeTsiyyon
UTC+2:00,Nicosia
UTC+2:00,Limassol
UTC+2:00,Larnaca
UTC+2:00,Strovolos
UTC+2:00,Kato Lakatameia
UTC+2:00,Athens
UTC+2:00,Thessaloniki
UTC+2:00,Patra
UTC+2:00,Piraeus
UTC+2:00,Larisa
UTC+2:00,Bucharest
UTC+2:00,Sector 3
UTC+2:00,Ia i
UTC+2:00,Sector 6
UTC+2:00,Sector 2
UTC+2:00,Chisinau
UTC+2:00,Tiraspol
UTC+2:00,B l i
UTC+2:00,Bender
UTC+2:00,R bni a
UTC+2:00,Helsinki
UTC+2:00,Espoo
UTC+2:00,Tampere
UTC+2:00,Oulu
UTC+2:00,Turku
UTC+2:00,Kaliningrad
UTC+2:00,Chernyakhovsk
UTC+2:00,Sovetsk
UTC+2:00,Baltiysk
UTC+2:00,Gusev
UTC+2:00,Kyiv
UTC+2:00,Kharkiv
UTC+2:00,Odesa
UTC+2:00,Dnipro
UTC+2:00,Donetsk
UTC+2:00,Mariehamn
UTC+2:00,Riga
UTC+2:00,Daugavpils
UTC+2:00,Liepaja
UTC+2:00,Jelgava
UTC+2:00,Jurmala
UTC+2:00,Sofia
UTC+2:00,Plovdiv
UTC+2:00,Varna
UTC+2:00,Burgas
UTC+2:00,Stara Zagora
UTC+2:00,Tallinn
UTC+2:00,Tartu
UTC+2:00,Narva
UTC+2:00,P rnu
UTC+2:00,N mme
UTC+2:00,Vilnius
UTC+2:00,Kaunas
UTC+2:00,Klaip da
UTC+2:00,iauliai
UTC+2:00,Panev ys
UTC+3:00,Addis Ababa
UTC+3:00,Jijiga
UTC+3:00,Gonder
UTC+3:00,Mek'ele
UTC+3:00,Nazret
UTC+3:00,Asmara
UTC+3:00,Keren
UTC+3:00,Himora
UTC+3:00,Massawa
UTC+3:00,Assab
UTC+3:00,Dar es Salaam
UTC+3:00,Mwanza
UTC+3:00,Arusha
UTC+3:00,Mbeya
UTC+3:00,Morogoro
UTC+3:00,Djibouti
UTC+3:00,Ali Sabih
UTC+3:00,Dikhil
UTC+3:00,Tadjoura
UTC+3:00,Arta
UTC+3:00,Kampala
UTC+3:00,Gulu
UTC+3:00,Lira
UTC+3:00,Mbarara
UTC+3:00,Jinja
UTC+3:00,Mogadishu
UTC+3:00,Borama
UTC+3:00,Hargeysa
UTC+3:00,Berbera
UTC+3:00,Kismayo
UTC+3:00,Nairobi
UTC+3:00,Kakamega
UTC+3:00,Mombasa
UTC+3:00,Nakuru
UTC+3:00,Ruiru
UTC+3:00,Sanaa
UTC+3:00,Aden
UTC+3:00,Al udaydah
UTC+3:00,Taiz
UTC+3:00,Mukalla
UTC+3:00,Amman
UTC+3:00,Zarqa
UTC+3:00,Irbid
UTC+3:00,Russeifa
UTC+3:00,Wadi as Sir
UTC+3:00,Baghdad
UTC+3:00,Al Maw il al Jadidah
UTC+3:00,Al Ba rah al Qadimah
UTC+3:00,Mosul
UTC+3:00,Erbil
UTC+3:00,Ar Rifa
UTC+3:00,Manama
UTC+3:00,Al Muharraq
UTC+3:00,Dar Kulayb
UTC+3:00,Madinat amad
UTC+3:00,Aleppo
UTC+3:00,Damascus
UTC+3:00,Homs
UTC+3:00,Latakia
UTC+3:00,Ar Raqqah
UTC+3:00,Al A madi
UTC+3:00,awalli
UTC+3:00,As Salimiyah
UTC+3:00,aba as Salim
UTC+3:00,Al Farwaniyah
UTC+3:00,Doha
UTC+3:00,Ar Rayyan
UTC+3:00,Umm alal Mu ammad
UTC+3:00,Al Wakrah
UTC+3:00,Al Khawr
UTC+3:00,Jeddah
UTC+3:00,Riyadh
UTC+3:00,Mecca
UTC+3:00,Medina
UTC+3:00,Dammam
UTC+3:00,Istanbul
UTC+3:00,Ankara
UTC+3:00,Bursa
UTC+3:00,zmir
UTC+3:00,Gaziantep
UTC+3:00,Kirov
UTC+3:00,Kirovo-Chepetsk
UTC+3:00,Vyatskiye Polyany
UTC+3:00,Slobodskoy
UTC+3:00,Kotel'nich
UTC+3:00,Minsk
UTC+3:00,Homyel'
UTC+3:00,Hrodna
UTC+3:00,Mahilyow
UTC+3:00,Brest
UTC+3:00,Moscow
UTC+3:00,Saint Petersburg
UTC+3:00,Nizhniy Novgorod
UTC+3:00,Kazan
UTC+3:00,Rostov-na-Donu
UTC+3:00,Sevastopol
UTC+3:00,Simferopol
UTC+3:00,Kerch
UTC+3:00,Yevpatoriya
UTC+3:00,Yalta
UTC+3:00,Volgograd
UTC+3:00,Volzhsky
UTC+3:00,Kamyshin
UTC+3:00,Mikhaylovka
UTC+3:00,Uryupinsk
UTC+3:00,Antananarivo
UTC+3:00,Toamasina
UTC+3:00,Antsirabe
UTC+3:00,Mahajanga
UTC+3:00,Fianarantsoa
UTC+3:00,Moroni
UTC+3:00,Moutsamoudou
UTC+3:00,Fomboni
UTC+3:00,Tsimbeo
UTC+3:00,Domoni
UTC+3:00,Mamoudzou
UTC+3:00,Koungou
UTC+3:00,Dzaoudzi
UTC+3:00,Dembeni
UTC+3:00,Sada
UTC+3:30,Tehran
UTC+3:30,Mashhad
UTC+3:30,Isfahan
UTC+3:30,Karaj
UTC+3:30,Tabriz
UTC+4:00,Baku
UTC+4:00,Sumqay t
UTC+4:00,Ganja
UTC+4:00,Lankaran
UTC+4:00,Tovuz
UTC+4:00,Dubai
UTC+4:00,Abu Dhabi
UTC+4:00,Sharjah
UTC+4:00,Al Ain City
UTC+4:00,Ajman City
UTC+4:00,Muscat
UTC+4:00,Seeb
UTC+4:00,Bawshar
UTC+4:00,Ibri
UTC+4:00,alalah
UTC+4:00,Tbilisi
UTC+4:00,Batumi
UTC+4:00,Kutaisi
UTC+4:00,Rustavi
UTC+4:00,Sokhumi
UTC+4:00,Yerevan
UTC+4:00,Gyumri
UTC+4:00,Vanadzor
UTC+4:00,Vagharshapat
UTC+4:00,Hrazdan
UTC+4:00,Astrakhan
UTC+4:00,Akhtubinsk
UTC+4:00,Znamensk
UTC+4:00,Kharabali
UTC+4:00,Kamyzyak
UTC+4:00,Samara
UTC+4:00,Tolyatti
UTC+4:00,Izhevsk
UTC+4:00,Syzran
UTC+4:00,Novokuybyshevsk
UTC+4:00,Saratov
UTC+4:00,Balakovo
UTC+4:00,Engels
UTC+4:00,Balashov
UTC+4:00,Vol'sk
UTC+4:00,Ulyanovsk
UTC+4:00,Dimitrovgrad
UTC+4:00,Inza
UTC+4:00,Barysh
UTC+4:00,Novoul'yanovsk
UTC+4:00,Victoria
UTC+4:00,Anse Boileau
UTC+4:00,Bel Ombre
UTC+4:00,Beau Vallon
UTC+4:00,Cascade
UTC+4:00,Port Louis
UTC+4:00,Vacoas
UTC+4:00,Beau Bassin-Rose Hill
UTC+4:00,Curepipe
UTC+4:00,Quatre Bornes
UTC+4:00,Saint-Denis
UTC+4:00,Saint-Paul
UTC+4:00,Le Tampon
UTC+4:00,Saint-Pierre
UTC+4:00,Saint-Andre
UTC+4:30,Kabul
UTC+4:30,Herat
UTC+4:30,Mazar-e Sharif
UTC+4:30,Kandahar
UTC+4:30,Jalalabad
UTC+5:00,Shevchenko
UTC+5:00,Zhanaozen
UTC+5:00,Beyneu
UTC+5:00,Shetpe
UTC+5:00,Kuryk
UTC+5:00,Aktobe
UTC+5:00,Kandyagash
UTC+5:00,Shalqar
UTC+5:00,Khromtau
UTC+5:00,Embi
UTC+5:00,Ashgabat
UTC+5:00,Turkmenabat
UTC+5:00,Da oguz
UTC+5:00,Mary
UTC+5:00,Balkanabat
UTC+5:00,Atyrau
UTC+5:00,Qulsary
UTC+5:00,Shalkar
UTC+5:00,Balykshi
UTC+5:00,Maqat
UTC+5:00,Dushanbe
UTC+5:00,Isfara
UTC+5:00,Istaravshan
UTC+5:00,K lob
UTC+5:00,Konibodom
UTC+5:00,Karachi
UTC+5:00,Lahore
UTC+5:00,Faisalabad
UTC+5:00,Rawalpindi
UTC+5:00,Multan
UTC+5:00,Oral
UTC+5:00,Aqsay
UTC+5:00,Zhanibek
UTC+5:00,Tasqala
UTC+5:00,Zhumysker
UTC+5:00,Kyzylorda
UTC+5:00,Novokazalinsk
UTC+5:00,Aral
UTC+5:00,Shiyeli
UTC+5:00,Zhangaqorghan
UTC+5:00,Samarkand
UTC+5:00,Nukus
UTC+5:00,Bukhara
UTC+5:00,Qarshi
UTC+5:00,Tirmiz
UTC+5:00,Tashkent
UTC+5:00,Namangan
UTC+5:00,Andijon
UTC+5:00,Fergana
UTC+5:00,Qoqon
UTC+5:00,Yekaterinburg
UTC+5:00,Chelyabinsk
UTC+5:00,Ufa
UTC+5:00,Perm
UTC+5:00,Tyumen
UTC+5:00,Port-aux-Fran ais
UTC+5:00,Male
UTC+5:00,Fuvahmulah
UTC+5:00,Hithadhoo
UTC+5:00,Kulhudhuffushi
UTC+5:00,Thinadhoo
UTC+5:30,Colombo
UTC+5:30,Dehiwala-Mount Lavinia
UTC+5:30,Maharagama
UTC+5:30,Jaffna
UTC+5:30,Moratuwa
UTC+5:30,Mumbai
UTC+5:30,Delhi
UTC+5:30,Bengaluru
UTC+5:30,Hyderabad
UTC+5:30,Ahmedabad
UTC+5:45,Kathmandu
UTC+5:45,Bharatpur
UTC+5:45,Patan
UTC+5:45,Birga j
UTC+5:45,Biratnagar
UTC+6:00,Almaty
UTC+6:00,Shymkent
UTC+6:00,Karagandy
UTC+6:00,Taraz
UTC+6:00,Astana
UTC+6:00,Bishkek
UTC+6:00,Osh
UTC+6:00,Jalal-Abad
UTC+6:00,Karakol
UTC+6:00,Tokmok
UTC+6:00,Dhaka
UTC+6:00,Chattogram
UTC+6:00,Khulna
UTC+6:00,Rangpur
UTC+6:00,Comilla
UTC+6:00,Omsk
UTC+6:00,Tara
UTC+6:00,Kalachinsk
UTC+6:00,Znamenskoye
UTC+6:00,Tavricheskoye
UTC+6:00,Kostanay
UTC+6:00,Rudnyy
UTC+6:00,Baikonur
UTC+6:00,Zhitikara
UTC+6:00,Arkalyk
UTC+6:00,Thimphu
UTC+6:00,Phuntsholing
UTC+6:00,Tsirang
UTC+6:00,Punakha
UTC+6:00,Pemagatshel
UTC+6:00,rumqi
UTC+6:00,Shihezi
UTC+6:00,Korla
UTC+6:00,Aksu
UTC+6:00,Kashgar
UTC+6:30,Yangon
UTC+6:30,Mandalay
UTC+6:30,Nay Pyi Taw
UTC+6:30,Mawlamyine
UTC+6:30,Kyain Seikgyi Township
UTC+6:30,West Island
UTC+7:00,Hanoi
UTC+7:00,Bangkok
UTC+7:00,Haiphong
UTC+7:00,Samut Prakan
UTC+7:00,Hu
UTC+7:00,Barnaul
UTC+7:00,Biysk
UTC+7:00,Rubtsovsk
UTC+7:00,Gorno-Altaysk
UTC+7:00,Novoaltaysk
UTC+7:00,Ulaangom
UTC+7:00,Khovd
UTC+7:00,lgii
UTC+7:00,Altai
UTC+7:00,Uliastay
UTC+7:00,Ho Chi Minh City
UTC+7:00,Da Nang
UTC+7:00,Bien Hoa
UTC+7:00,C n Th
UTC+7:00,Thu n An
UTC+7:00,Jakarta
UTC+7:00,Surabaya
UTC+7:00,Bekasi
UTC+7:00,Bandung
UTC+7:00,Medan
UTC+7:00,Krasnoyarsk
UTC+7:00,Abakan
UTC+7:00,Norilsk
UTC+7:00,Achinsk
UTC+7:00,Kyzyl
UTC+7:00,Kemerovo
UTC+7:00,Novokuznetsk
UTC+7:00,Prokop'yevsk
UTC+7:00,Leninsk-Kuznetsky
UTC+7:00,Kisel vsk
UTC+7:00,Novosibirsk
UTC+7:00,Berdsk
UTC+7:00,Iskitim
UTC+7:00,Akademgorodok
UTC+7:00,Kuybyshev
UTC+7:00,Phnom Penh
UTC+7:00,Takeo
UTC+7:00,Siem Reap
UTC+7:00,Battambang
UTC+7:00,Paoy Paet
UTC+7:00,Pontianak
UTC+7:00,Palangkaraya
UTC+7:00,Singkawang
UTC+7:00,Sampit
UTC+7:00,Sungai Raya
UTC+7:00,Tomsk
UTC+7:00,Seversk
UTC+7:00,Strezhevoy
UTC+7:00,Kolpashevo
UTC+7:00,Asino
UTC+7:00,Vientiane
UTC+7:00,Savannakhet
UTC+7:00,Pakse
UTC+7:00,Thakhek
UTC+7:00,Luang Prabang
UTC+7:00,Flying Fish Cove
UTC+8:00,Bandar Seri Begawan
UTC+8:00,Kuala Belait
UTC+8:00,Seria
UTC+8:00,Tutong
UTC+8:00,Bangar
UTC+8:00,Baruun-Urt
UTC+8:00,Choibalsan
UTC+8:00,Hong Kong
UTC+8:00,Kowloon
UTC+8:00,Victoria
UTC+8:00,Tuen Mun
UTC+8:00,Sha Tin
UTC+8:00,Irkutsk
UTC+8:00,Ulan-Ude
UTC+8:00,Bratsk
UTC+8:00,Angarsk
UTC+8:00,Ust'-Ilimsk
UTC+8:00,Kuala Lumpur
UTC+8:00,Petaling Jaya
UTC+8:00,Klang
UTC+8:00,Johor Bahru
UTC+8:00,Ipoh
UTC+8:00,Kota Kinabalu
UTC+8:00,Sandakan
UTC+8:00,Kuching
UTC+8:00,Tawau
UTC+8:00,Miri
UTC+8:00,Macau
UTC+8:00,Taipa
UTC+8:00,Makassar
UTC+8:00,Samarinda
UTC+8:00,Denpasar
UTC+8:00,Balikpapan
UTC+8:00,Banjarmasin
UTC+8:00,Quezon City
UTC+8:00,Davao
UTC+8:00,Manila
UTC+8:00,Caloocan City
UTC+8:00,Budta
UTC+8:00,Shanghai
UTC+8:00,Beijing
UTC+8:00,Shenzhen
UTC+8:00,Guangzhou
UTC+8:00,Chengdu
UTC+8:00,Singapore
UTC+8:00,Jurong Town
UTC+8:00,Woodlands
UTC+8:00,Punggol
UTC+8:00,Kampong Pasir Ris
UTC+8:00,Taipei
UTC+8:00,Kaohsiung
UTC+8:00,Taichung
UTC+8:00,Tainan
UTC+8:00,Banqiao
UTC+8:00,Ulan Bator
UTC+8:00,Erdenet
UTC+8:00,Darhan
UTC+8:00,M r n
UTC+8:00,Bayanhongor
UTC+8:00,Perth
UTC+8:00,Mandurah
UTC+8:00,Bunbury
UTC+8:00,Baldivis
UTC+8:00,Geraldton
UTC+9:00,Chita
UTC+9:00,Krasnokamensk
UTC+9:00,Borzya
UTC+9:00,Petrovsk-Zabaykal'skiy
UTC+9:00,Aginskoye
UTC+9:00,Dili
UTC+9:00,Maliana
UTC+9:00,Suai
UTC+9:00,Likisa
UTC+9:00,Aileu
UTC+9:00,Jayapura
UTC+9:00,Ambon
UTC+9:00,Sorong
UTC+9:00,Ternate
UTC+9:00,Manokwari
UTC+9:00,Pyongyang
UTC+9:00,Hamh ng
UTC+9:00,Namp'o
UTC+9:00,Sunch' n
UTC+9:00,H ngnam
UTC+9:00,Seoul
UTC+9:00,Busan
UTC+9:00,Incheon
UTC+9:00,Daegu
UTC+9:00,Gwangju
UTC+9:00,Tokyo
UTC+9:00,Yokohama
UTC+9:00,Osaka
UTC+9:00,Nagoya
UTC+9:00,Sapporo
UTC+9:00,Yakutsk
UTC+9:00,Blagoveshchensk
UTC+9:00,Belogorsk
UTC+9:00,Neryungri
UTC+9:00,Svobodnyy
UTC+9:00,Koror
UTC+9:00,Koror Town
UTC+9:00,Kloulklubed
UTC+9:00,Ulimang
UTC+9:00,Mengellang
UTC+9:30,Adelaide
UTC+9:30,Adelaide Hills
UTC+9:30,Mount Gambier
UTC+9:30,Morphett Vale
UTC+9:30,Gawler
UTC+9:30,Broken Hill
UTC+9:30,Darwin
UTC+9:30,Alice Springs
UTC+9:30,Palmerston
UTC+9:30,Howard Springs
UTC+10:00,Khabarovsk
UTC+10:00,Vladivostok
UTC+10:00,Khabarovsk Vtoroy
UTC+10:00,Komsomolsk-on-Amur
UTC+10:00,Ussuriysk
UTC+10:00,Brisbane
UTC+10:00,Gold Coast
UTC+10:00,Logan City
UTC+10:00,Townsville
UTC+10:00,Cairns
UTC+10:00,Hobart
UTC+10:00,Launceston
UTC+10:00,Burnie
UTC+10:00,Devonport
UTC+10:00,Sandy Bay
UTC+10:00,Melbourne
UTC+10:00,Geelong
UTC+10:00,Ballarat
UTC+10:00,Bendigo
UTC+10:00,Point Cook
UTC+10:00,Sydney
UTC+10:00,Canberra
UTC+10:00,Newcastle
UTC+10:00,Wollongong
UTC+10:00,Maitland
UTC+10:00,Weno
UTC+10:00,Colonia
UTC+10:00,Dededo Village
UTC+10:00,Yigo Village
UTC+10:00,Tamuning
UTC+10:00,Tamuning-Tumon-Harmon Village
UTC+10:00,Mangilao Village
UTC+10:00,Port Moresby
UTC+10:00,Lae
UTC+10:00,Mount Hagen
UTC+10:00,Popondetta
UTC+10:00,Madang
UTC+10:00,Saipan
UTC+10:00,San Jose Village
UTC+11:00,Magadan
UTC+11:00,Ust-Nera
UTC+11:00,Susuman
UTC+11:00,Ola
UTC+11:00,Yuzhno-Sakhalinsk
UTC+11:00,Korsakov
UTC+11:00,Kholmsk
UTC+11:00,Okha
UTC+11:00,Nevel'sk
UTC+11:00,Arawa
UTC+11:00,Buka
UTC+11:00,Port-Vila
UTC+11:00,Luganville
UTC+11:00,Isangel
UTC+11:00,Sola
UTC+11:00,Lakatoro
UTC+11:00,Honiara
UTC+11:00,Malango
UTC+11:00,Auki
UTC+11:00,Gizo
UTC+11:00,Kirakira
UTC+11:00,Tofol
UTC+11:00,Kingston
UTC+11:00,Noumea
UTC+11:00,Mont-Dore
UTC+11:00,Dumbea
UTC+11:00,Pa ta
UTC+11:00,We
UTC+11:00,Kolonia
UTC+11:00,Kolonia Town
UTC+11:00,Palikir - National Government Center
UTC+12:00,Anadyr
UTC+12:00,Bilibino
UTC+12:00,Petropavlovsk-Kamchatsky
UTC+12:00,Yelizovo
UTC+12:00,Vilyuchinsk
UTC+12:00,Klyuchi
UTC+12:00,Mil'kovo
UTC+12:00,Auckland
UTC+12:00,Wellington
UTC+12:00,Christchurch
UTC+12:00,Manukau City
UTC+12:00,North Shore
UTC+12:00,Nasinu
UTC+12:00,Suva
UTC+12:00,Lautoka
UTC+12:00,Nadi
UTC+12:00,Labasa
UTC+12:00,Funafuti
UTC+12:00,Savave Village
UTC+12:00,Tanrake Village
UTC+12:00,Toga Village
UTC+12:00,Asau Village
UTC+12:00,Ebaye
UTC+12:00,Jabat
UTC+12:00,Majuro
UTC+12:00,Arno
UTC+12:00,Jabor
UTC+12:00,Wotje
UTC+12:00,Mili
UTC+12:00,Yaren
UTC+12:00,Baiti
UTC+12:00,Anabar
UTC+12:00,Uaboe
UTC+12:00,Ijuw
UTC+12:00,Tarawa
UTC+12:00,Betio Village
UTC+12:00,Bikenibeu Village
UTC+12:00,Mata-Utu
UTC+12:00,Leava
UTC+12:00,Alo
UTC+12:45,Waitangi
UTC+13:00,Apia
UTC+13:00,Asau
UTC+13:00,Mulifanua
UTC+13:00,Afega
UTC+13:00,Leulumoega
UTC+13:00,Atafu Village
UTC+13:00,Nukunonu
UTC+13:00,Fale old settlement
UTC+13:00,Nukualofa
UTC+13:00,Lapaha
UTC+13:00,Neiafu
UTC+13:00,Pangai
UTC+13:00,Ohonua
